Study_Hours,Attendance,Previous_Score,Assignment_Score,Sleep_Hours,Result
5,90,75,80,7,1
2,60,45,50,5,0
6,95,85,90,8,1
3,70,55,60,6,0
7,98,90,95,8,1
4,80,70,75,7,1
1,50,35,40,4,0
8,96,92,96,8,1
5,88,78,82,7,1
2,65,48,55,5,0
6,92,88,92,7,1
3,72,60,65,6,0
7,97,94,98,8,1
4,85,72,78,7,1
2,55,40,45,5,0
8,99,96,99,8,1
5,89,80,85,7,1
1,45,30,35,4,0
6,91,86,88,7,1
7,94,89,93,8,1
3,68,50,58,6,0
4,82,68,73,7,1
9,100,98,100,9,1
2,58,42,48,5,0
5,87,76,81,7,1
6,93,84,89,8,1
1,52,38,42,4,0
7,96,91,95,8,1
8,98,95,97,8,1
3,75,62,70,6,0
